phone_number,behaviour,name
0514477733,savvy,Barrie
0541143572,challenged,Yoko
0539833910,default,Lou
0559177413,challenged,Tena
0590348050,challenged,Sidney
0585848271,default,Tamera
0544221542,savvy,Trevor
0508355984,challenged,Felicia
0551151382,challenged,Hubert
0518317575,savvy,Quinn
0566634991,challenged,Virgina
0599247294,savvy,Leigh
0526593138,savvy,Ariel
0547043197,savvy,Justin
0516326874,challenged,Danna
0523869709,challenged,Janeth
0511739162,challenged,Alethea
0528840638,savvy,Ozella
0563843491,challenged,Teddy
0590165423,savvy,Lilly
